<?xml version="1.0" encoding="UTF-8"?>

<Dormitories xmlns="http://www.our-example-data.org/dormitory/xsd"
xmlns:xsi="http://www.w3.org/2001/XMLSchema-instance"
xsi:schemaLocation="http://www.our-example-data.org/dormitory/xsd ../schemas/schema-5.xsd"
xmlns:person="http://www.our-example-data.org/person/xsd"
xmlns:jani="http://www.our-example-data.org/janitor/xsd"
xmlns:stud="http://www.our-example-data.org/student/xsd"
xmlns:uni="http://www.our-example-data.org/university/xsd">
    <Dormitory>
        <address>Praha Vaníčkova 315/7</address>
        <Name xml:lang="cs">Strahov</Name>
        <hasBedBugs>true</hasBedBugs>
        <uni:University>
            <uni:id>2</uni:id>
            <uni:Name xml:lang="en">Charles University</uni:Name>
            <uni:webPage>https://cuni.cz</uni:webPage>
        </uni:University>
        <jani:Janitors>
            <jani:Janitor>
                <person:FirstName xml:lang="cs">Marcela</person:FirstName>
                <person:MiddleNames></person:MiddleNames>
                <person:LastName xml:lang="cs">Vomáčková</person:LastName>
                <person:id>1</person:id>
                <jani:OwnsBroom>true</jani:OwnsBroom>
            </jani:Janitor>
        </jani:Janitors>
        <DormRooms>
            <DormRoom>
                <Floor>0</Floor>
                <Number>10</Number>
                <Capacity>2</Capacity>
                <HasToilet>false</HasToilet>
                <stud:Students>
                    <stud:Student>
                        <person:FirstName xml:lang="cs">David</person:FirstName>
                        <person:MiddleNames>
                            <person:MiddleName xml:lang="cs">Honza</person:MiddleName>
                            <person:MiddleName xml:lang="cs">Terka</person:MiddleName>
                            <person:MiddleName xml:lang="cs">Honza</person:MiddleName>
                        </person:MiddleNames>
                        <person:LastName xml:lang="cs">Petera</person:LastName>
                        <person:id>86</person:id>
                        <stud:Universities>
                            <uni:University>
                                <uni:id>2</uni:id>
                                <uni:Name xml:lang="en">Charles University</uni:Name>
                                <uni:webPage>https://cuni.cz</uni:webPage>
                            </uni:University>
                        </stud:Universities>
                    </stud:Student>
                </stud:Students>
            </DormRoom>
        </DormRooms>
    </Dormitory>
    <Dormitory>
        <address>Praha Pátkova 2136/3</address>
        <Name xml:lang="cs">17. Listopadu</Name>
        <hasBedBugs>false</hasBedBugs>
        <uni:University>
            <uni:id>2</uni:id>
            <uni:Name xml:lang="en">Charles University</uni:Name>
            <uni:webPage>https://cuni.cz</uni:webPage>
        </uni:University>
        <jani:Janitors></jani:Janitors>
        <DormRooms>
            <DormRoom>
                <Floor>100</Floor>
                <Number>1000</Number>
                <Capacity>3</Capacity>
                <HasToilet>true</HasToilet>
                <stud:Students></stud:Students>
            </DormRoom>
        </DormRooms>
    </Dormitory>
    <Dormitory>
        <address>Cambridge O'Brians street</address>
        <Name xml:lang="en">Cambridge Dormitory</Name>
        <hasBedBugs>false</hasBedBugs>
        <uni:University>
            <uni:id>1</uni:id>
            <uni:Name xml:lang="en">Cambridge</uni:Name>
            <uni:webPage>https://www.cam.ac.uk</uni:webPage>
        </uni:University>
        <jani:Janitors>
            <jani:Janitor>
                <person:FirstName xml:lang="cs">Marcela</person:FirstName>
                <person:MiddleNames></person:MiddleNames>
                <person:LastName xml:lang="cs">Vomáčková</person:LastName>
                <person:id>1</person:id>
                <jani:OwnsBroom>true</jani:OwnsBroom>
            </jani:Janitor>
        </jani:Janitors>
        <DormRooms>
            <DormRoom>
                <Floor>42</Floor>
                <Number>421</Number>
                <Capacity>4</Capacity>
                <HasToilet>true</HasToilet>
                <stud:Students></stud:Students>
            </DormRoom>
        </DormRooms>
    </Dormitory>
</Dormitories>